[{"id":"A1","albumName":"First Album","pictures":[{"id":1,"sequence":1,"imageTitle":"Rangoli","imageThumb":"images\/thumbs\/1.jpg","imageLarge":"images\/1.jpg"},{"id":2,"sequence":2,"imageTitle":"Fair","imageThumb":"images\/thumbs\/2.jpg","imageLarge":"images\/2.jpg"},{"id":3,"sequence":3,"imageTitle":"Glass House","imageThumb":"images\/thumbs\/3.jpg","imageLarge":"images\/3.jpg"},{"id":4,"sequence":4,"imageTitle":"Cottages","imageThumb":"images\/thumbs\/4.jpg","imageLarge":"images\/4.jpg"},{"id":5,"sequence":5,"imageTitle":"Snow","imageThumb":"images\/thumbs\/5.jpg","imageLarge":"images\/5.jpg"},{"id":6,"sequence":6,"imageTitle":"Playground","imageThumb":"images\/thumbs\/6.jpg","imageLarge":"images\/6.jpg"},{"id":7,"sequence":7,"imageTitle":"View from hills","imageThumb":"images\/thumbs\/7.jpg","imageLarge":"images\/7.jpg"},{"id":8,"sequence":8,"imageTitle":"Signboard","imageThumb":"images\/thumbs\/8.jpg","imageLarge":"images\/8.jpg"}]},{"id":"A2","albumName":"Second Album","pictures":[{"id":1,"sequence":3,"imageTitle":"Snow","imageThumb":"images\/thumbs\/5.jpg","imageLarge":"images\/5.jpg"},{"id":2,"sequence":4,"imageTitle":"Playground","imageThumb":"images\/thumbs\/6.jpg","imageLarge":"images\/6.jpg"},{"id":3,"sequence":2,"imageTitle":"Hills","imageThumb":"images\/thumbs\/7.jpg","imageLarge":"images\/7.jpg"},{"id":4,"sequence":1,"imageTitle":"Sign board","imageThumb":"images\/thumbs\/8.jpg","imageLarge":"images\/8.jpg"}]},{"id":"A3","albumName":"Third Album","pictures":[]}]